{"cameraMode":{"drawMode":0,"name":"Shaded","section":"Shading Mode"},"sceneLighting":true,"audioPlay":false,"sceneViewState":{"m_AlwaysRefresh":true,"showFog":true,"showSkybox":true,"showFlares":true,"showImageEffects":true,"showParticleSystems":true,"showVisualEffectGraphs":true,"m_FxEnabled":true},"in2DMode":false,"pivot":{"x":-0.2800002098083496,"y":0.7680001258850098,"z":-5.719999313354492},"rotation":{"x":0.001035833964124322,"y":0.9963728785514832,"z":-0.08420346677303314,"w":0.012256973423063755},"size":12.12435531616211,"orthographic":false}